customer,city,country
"Zieme, Doyle and Kunze",Lublin,Poland
Feest PLC,Świecie,Poland
Medhurst-Beer Pharmaceutical Limited,Rybnik,Poland
Barton Ltd Pharma Plc,Czeladź,Poland
Keeling LLC Pharmacy,Olsztyn,Poland
Runte-Marquardt Pharmaceutical Ltd,Olecko,Poland
"Blick, Pacocha and Schowalter",Inowrocław,Poland
Leuschke PLC Pharmacy,Ciechanów,Poland
Miller-Satterfield Pharma Plc,Nidzica,Poland
Bashirian-Kassulke Pharma Plc,Kraków,Poland
Wolff Group Pharm,Gubin,Poland
"Denesik, Walter and Beatty Pharma Plc",Ostrów Mazowiecka,Poland
Breitenberg-Kuhn Pharmacy,Radom,Poland
"McClure, Zemlak and Dibbert Pharma Plc",Gdańsk,Poland
Block-Romaguera Pharmaceutical Limited,Tarnowskie Góry,Poland
"Hahn, Rutherford and Gislason Pharmaceutical Limited",Łaziska Górne,Poland
D'Amore and Sons,Wągrowiec,Poland
Koss Ltd Pharmaceutical Limited,Lwówek Śląski,Poland
Fadel-West,Złotoryja,Poland
Lindgren-Simonis Pharm,Biskupiec,Poland
"Spinka, Schowalter and Conn Pharmaceutical Limited",Biłgoraj,Poland
Will and Sons Pharma Plc,Gniew,Poland
Jakubowski Inc Pharmaceutical Limited,Bolesławiec,Poland
Schaden-Hirthe Pharmaceutical Ltd,Świdnica,Poland
Mraz Group Pharmacy,Piastów,Poland
Nader-Gaylord Pharmaceutical Ltd,Łódź,Poland
Heidenreich Group Pharmaceutical Ltd,Rzeszów,Poland
Mante-Grady Pharm,Lubaczów,Poland
Feest-Kshlerin Pharmaceutical Ltd,Świdnik,Poland
"Leuschke, Waters and Schowalter Pharmaceutical Ltd",Krapkowice,Poland
"Hirthe, Williamson and Macejkovic Pharma Plc",Brzeg,Poland
Emard-O'Connell Pharmacy,Zakopane,Poland
Carter-Conn Pharma Plc,Brwinów,Poland
"Heathcote, Grant and Witting Pharm",Bielsko-Biała,Poland
Boyer and Sons Pharmaceutical Limited,Wałcz,Poland
Rowe PLC Pharmaceutical Ltd,Kęty,Poland
McCullough LLC Pharma Plc,Częstochowa,Poland
"Grimes, Jacobs and Durgan Pharm",Bełchatów,Poland
"Balistreri, Torp and Gulgowski Pharmacy",Chełmża,Poland
Will and Sons Pharmaceutical Limited,Poznań,Poland
Osinski-Collins Pharmaceutical Ltd,Elbląg,Poland
"Parisian, Hagenes and Skiles Pharma Plc",Ciechocinek,Poland
"Schmitt, Berge and Haley Pharma Plc",Kłodzko,Poland
"Funk, Ratke and Heaney Pharmacy",Prabuty,Poland
Walsh-Brown Pharmacy,Chorzów,Poland
"Schowalter, Runolfsson and VonRueden Pharmaceutical Ltd",Grudziądz,Poland
"Beahan, Littel and Ondricka Pharmacy",Łęczyca,Poland
Veum-Kerluke Pharmacy,Człuchów,Poland
Doyle-Tillman Pharmaceutical Ltd,Dęblin,Poland
Ondricka Ltd Pharmacy,Świnoujście,Poland
Raynor-Graham Pharmaceutical Limited,Gorzów Wielkopolski,Poland
Koss-Beier,Nakło nad Notecią,Poland
"Johnson, Friesen and Torphy Pharma Plc",Gryfino,Poland
Koch-Osinski Pharm,Sandomierz,Poland
Schaefer LLC Pharmacy,Kamień Pomorski,Poland
Funk and Sons Pharmaceutical Limited,Tarnobrzeg,Poland
Marquardt-Ryan Pharmaceutical Ltd,Węgorzewo,Poland
"Romaguera, Moen and Hagenes Pharmaceutical Limited",Sopot,Poland
Hartmann-Wolf,Trzebnica,Poland
Schmitt LLC Pharm,Nysa,Poland
"Buckridge, Dach and Carroll Pharmaceutical Limited",Luboń,Poland
"Yundt, Leuschke and Ward Pharmaceutical Ltd",Żychlin,Poland
Rohan Inc,Chojnów,Poland
"Wintheiser, Breitenberg and Gottlieb Pharmaceutical Limited",Milanówek,Poland
Pfeffer-Hodkiewicz Pharmaceutical Ltd,Szczytno,Poland
"Moen, Murazik and Smith",Siedlce,Poland
Jast-Cruickshank Pharma Plc,Białystok,Poland
"Hills, Stroman and Ernser Pharm",Pułtusk,Poland
"Schinner, Gaylord and Treutel Pharmaceutical Ltd",Dąbrowa Górnicza,Poland
Graham and Sons Pharmacy,Warka,Poland
Stehr-Champlin Pharmaceutical Limited,Nowe Miasto Lubawskie,Poland
Mann-Waelchi Pharm,Piotrków Trybunalski,Poland
Haley PLC Pharmaceutical Limited,Opole,Poland
Denesik-Hintz Pharm,Międzyrzec Podlaski,Poland
"Rosenbaum, Klein and Herzog",Zbąszyń,Poland
Trantow LLC Pharma Plc,Braniewo,Poland
Hill Ltd,Gliwice,Poland
Leannon-West Pharmacy,Cieszyn,Poland
"Kub, Von and Herzog Pharmacy",Wschowa,Poland
Welch-Orn,Chełmno,Poland
Purdy Ltd Pharmaceutical Limited,Głuchołazy,Poland
Balistreri-Watsica Pharmacy,Ełk,Poland
"Herman, Rice and Rippin",Ziębice,Poland
Kertzmann-Ward Pharma Plc,Opoczno,Poland
Streich PLC Pharmaceutical Limited,Przemyśl,Poland
"Upton, Abernathy and Goodwin Pharmaceutical Ltd",Jarosław,Poland
"Greenholt, Donnelly and O'Reilly Pharmaceutical Limited",Rumia,Poland
"Kilback, Beer and Batz Pharma Plc",Kutno,Poland
Kunze PLC Pharm,Darłowo,Poland
Lesch PLC Pharmacy,Wrocław,Poland
Hermiston LLC,Strzegom,Poland
Kozey Ltd Pharmaceutical Ltd,Bielsk Podlaski,Poland
Bayer LLC Pharmaceutical Ltd,Bytów,Poland
"Buckridge, Hand and Hyatt Pharma Plc",Zgorzelec,Poland
Hansen Group Pharm,Gryfów Śląski,Poland
Beier PLC Pharmacy,Włocławek,Poland
Paucek Keeling and Bruen Pharm,Łęczna,Poland
Schaefer-Rolfson,Niepołomice,Poland
West Group Pharmacy,Kluczbork,Poland
Kozey-Schroeder,Jawor,Poland