product_name,product_class
Afaxacin,Analgesics
Oxymotroban Fexoformin,Analgesics
Dexmebital Acanplan,Analgesics
Pulmodiol Adalaxime,Analgesics
Amcibax Amcikeran,Analgesics
Formolovir Amanferon,Analgesics
Alglutriptan,Analgesics
Amlominphen Dexanovate,Analgesics
Zonixamine Immulinum,Analgesics
Aldevac,Analgesics
Kiovax Tercorolac,Analgesics
Victomax,Analgesics
Zyvance,Analgesics
Acelimus,Analgesics
Flutacerol,Analgesics
Lioletine Refliruvax,Analgesics
Proprabax,Analgesics
Dantolac Pazocor,Analgesics
Betanem,Analgesics
Penitrana,Analgesics
Epzipitant,Analgesics
Ketastadil,Analgesics
Ionclotide,Analgesics
Alpradipine,Analgesics
Topifribrate,Analgesics
Diazemid Felcept,Analgesics
Neuropogen Empibax,Analgesics
Atomorelin,Analgesics
Kinovatol,Analgesics
Lovephilus,Analgesics
Dasagestin,Analgesics
Paronium Atracustone,Analgesics
Thionide,Analgesics
Dexacilin Triline,Analgesics
Clindaracil,Analgesics
Alimmethate Insudase,Analgesics
Alemtuvatol Megalinum,Analgesics
Sevotrana Tiafoxin,Analgesics
Symbitrim,Analgesics
Ampysin,Analgesics
Sumanazole,Analgesics
Aquamycin Lacoran,Analgesics
Claricriptine Adaferol,Antibiotics
Pentastrin,Antibiotics
Tetalamide,Antibiotics
Imiformin Transmunex,Antibiotics
Fentatrol Rapatelase,Antibiotics
Relenstrel Exurabine,Antibiotics
Comzyme,Antibiotics
Saprodeine Zanprosyn,Antibiotics
Vibratosine Alemtrace,Antibiotics
Symbiroban,Antibiotics
Choriotrisin,Antibiotics
Nisorase,Antibiotics
Nevanide Actozide,Antibiotics
Apronazol,Antibiotics
Pulmofine,Antibiotics
Methiclotide,Antibiotics
Cephozumab Synmethate,Antibiotics
Antilamin Clinbital,Antibiotics
Tesnorphine Silotamine,Antibiotics
Acantaine,Antibiotics
Hydroxyprosyn,Antibiotics
Algluconium Dorzofoxin,Antibiotics
Aspinavir Silovance,Antibiotics
Brimorix Amonine,Antibiotics
Claripenem,Antibiotics
Abatatriptan,Antibiotics
Adtiza Gammaluble,Antibiotics
Interfestar,Antibiotics
Thalilamide,Antibiotics
Asparathasone Unipan,Antibiotics
Belavarix Benzabicin,Antibiotics
Primapion,Antibiotics
Ranediol,Antibiotics
Eproline,Antibiotics
Araxetine,Antibiotics
Halcifergen Nevazone,Antimalarial
Syntheruvax Proracin,Antimalarial
Sanctumine,Antimalarial
Tetratanyl,Antimalarial
Amamadin,Antimalarial
Cyclovital,Antimalarial
Sodinel Olofribrate,Antimalarial
Stelazolid,Antimalarial
Adrecetam Barazoxane,Antimalarial
Afluferon Entrarenone,Antimalarial
Aggretisol,Antimalarial
Dorzovorin Pentadarone,Antimalarial
Arivac,Antimalarial
Doxivorin,Antimalarial
Megenorphine,Antimalarial
Effigine Propraprex,Antimalarial
Temasone Thiobucil,Antimalarial
Clinicilin Pentozone,Antimalarial
Pitodomide,Antimalarial
Microroban Afatigomar,Antimalarial
Magneprex,Antimalarial
Ampinonide,Antimalarial
Halciramine,Antimalarial
Interzide,Antimalarial
Requimadin,Antimalarial
Zynosine,Antimalarial
Aclonuma,Antimalarial
Abobozolid,Antimalarial
Cogxone Levanide,Antimalarial
Relenvice,Antimalarial
Xenaminphen,Antimalarial
Propratecan,Antimalarial
Finanel,Antimalarial
Albuterenone,Antimalarial
Victomine,Antimalarial
Cortirodine Alimcline,Antipiretics
Abilovir Aprotasol,Antipiretics
Ibrulinum,Antipiretics
Decidenu Galantrigine,Antipiretics
Fosinofen,Antipiretics
Robapril,Antipiretics
Darlofen,Antipiretics
Sevoderm,Antipiretics
Bexridol,Antipiretics
Afinitasol,Antipiretics
Allomenda,Antipiretics
Alpharolac,Antipiretics
Fentalac,Antipiretics
Imiderm Vibranovate,Antipiretics
Aprerase,Antipiretics
Ketamara Evogel,Antipiretics
Ceftatana Serolamide,Antipiretics
Aciprex,Antipiretics
Metapatch,Antipiretics
Tacrodomide,Antipiretics
Travosoline Capolac,Antipiretics
Acubulin,Antipiretics
Theopril,Antipiretics
Lactubucil,Antipiretics
Tracdomide,Antipiretics
Immurenol Temarate,Antipiretics
Cordamectin Actolamin,Antipiretics
Zarostral,Antipiretics
Lansopril Acribax,Antipiretics
Argalazine Abostryl,Antipiretics
Symdocet,Antipiretics
Kinenadryl,Antipiretics
Secrelazine Insonamic,Antipiretics
Amavirase,Antipiretics
Tiaracil,Antipiretics
Factolamide,Antiseptics
Lovepion,Antiseptics
Ribabyclor,Antiseptics
Interfedox Pilobamol,Antiseptics
Aggrakine,Antiseptics
Amphesirox,Antiseptics
Insozyme,Antiseptics
Sucprine Specbalamin,Antiseptics
Novakyn Tracprox,Antiseptics
Travoloride,Antiseptics
Kinerinex,Antiseptics
Diprotaine,Antiseptics
Atrabicin Alkerotec,Antiseptics
Adalatamine,Antiseptics
Ultrimax Ultriset,Antiseptics
Diaxolol,Antiseptics
Cricane Acamsumab,Antiseptics
Dantocept Ferurenone,Antiseptics
Zithrotrol,Antiseptics
Menogine,Antiseptics
Panpion,Antiseptics
Benzoprox,Antiseptics
Adriafinil Ehtymara,Antiseptics
Apromin,Antiseptics
Alisteride Pemidizem,Antiseptics
Interfeferon Aspipex,Antiseptics
Quiniprosyn,Antiseptics
Ibruferon,Antiseptics
Pulmogen Alitora,Antiseptics
Ceretosine,Antiseptics
Ciclonazol,Antiseptics
Docstryl Rivacin,Antiseptics
Ganineva Agenium,Antiseptics
Biotasol Siloderm,Antiseptics
Androporin,Antiseptics
Abranatal Lysoprosate,Antiseptics
Diprolimus,Antiseptics
Choriogestrel,Antiseptics
Quixitriptan Alanesin,Antiseptics
Proderal,Antiseptics
Zonitonin,Antiseptics
Enzastryl,Antiseptics
Abtasol,Antiseptics
Lansostral Acgestin,Antiseptics
Duraprazole Agalsixolol,Antiseptics
Malaxolol Aeroprosyn,Antiseptics
Magnemunex,Antiseptics
Effidomide Evofribrate,Antiseptics
Albudazole Erobloc,Antiseptics
Topipizole,Mood Stabilizers
Liomulin,Mood Stabilizers
Veratorol Ciclovatol,Mood Stabilizers
Factofribrate,Mood Stabilizers
Lovavatol Azelavarix,Mood Stabilizers
Raparidol,Mood Stabilizers
Rositroban,Mood Stabilizers
Trazobalamin,Mood Stabilizers
Trazozaprine,Mood Stabilizers
Topitaine,Mood Stabilizers
Pazofenac,Mood Stabilizers
Dexmeprazole Transnuvia,Mood Stabilizers
Alarudin Azarolac,Mood Stabilizers
Exexone,Mood Stabilizers
Propralamide Dexlanzolam,Mood Stabilizers
Adideine,Mood Stabilizers
Testant,Mood Stabilizers
Hemavate Spirolinum,Mood Stabilizers
Malavirine Alimdine,Mood Stabilizers
Symbisine Prednimadin,Mood Stabilizers
Invisteride Diclomycin,Mood Stabilizers
Clinolan Pitoletra,Mood Stabilizers
Rebedase Aplencor,Mood Stabilizers
Palodizem,Mood Stabilizers
Acycpex,Mood Stabilizers
Morphizolid Tianalin,Mood Stabilizers
Agalsiline,Mood Stabilizers
Antaparin Varizyme,Mood Stabilizers
Ergomethate,Mood Stabilizers
Hepavice,Mood Stabilizers
Afretosine,Mood Stabilizers
Spiroderall,Mood Stabilizers
Lovapur,Mood Stabilizers
Solasteride,Mood Stabilizers
Xenaderal,Mood Stabilizers
Primatate Univatol,Mood Stabilizers
Exotropin Empizine,Mood Stabilizers
Lacoplex Hyaluvance,Mood Stabilizers
Angioparin Brimosumab,Mood Stabilizers
Cephovelam,Mood Stabilizers
Acycnafine Microvate,Mood Stabilizers
Adriacaine,Mood Stabilizers
Feruprazole,Mood Stabilizers
Presetron,Mood Stabilizers